{
"lengthUnit": "mil",
"remark": [],
"components": {
	"fields": ["COMPONENT_NO", "COMPONENT_NAME", "LAYER", "X_COORDINATE", "Y_COORDINATE", "ANGLE"],
	"rows": [
		[1, "C1", "T", 1937.7, -1472.7, 270],
		[2, "C2", "T", 2082.7, -1473.1, 270],
		[3, "C3", "T", 2222.7, -1473.1, 270],
		[4, "C4", "T", 881.3045, -1350.3615, 90],
		[5, "C5", "T", 738.1, -1352.3, 90],
		[6, "CN1", "T", 1985, -4590, 0],
		[7, "CN2", "T", 3025, -1515, 180],
		[8, "CN3", "T", 360, -3255, 270],
		[9, "L1", "T", 1670, -1475, 0],
		[10, "POWER SWITCH", "T", 1365, -1470, 90],
		[11, "R1", "T", 816.44, -1535, 180],
		[12, "R2", "T", 2368.22, -1461.78, 270],
		[13, "R3", "T", 2513.22, -1461.78, 270],
		[14, "R4", "T", 1885, -2545, 270],
		[15, "R5", "T", 930, -1170, 0],
		[16, "R6", "T", 930, -1025, 0],
		[17, "R7", "T", 1380, -2545, 270],
		[18, "U1", "T", 815, -1230, 270],
		[19, "U2", "T", 1675, -1705, 270],
		[20, "U3", "T", 1885, -2090, 180],
		[21, "U4", "T", 1380, -2085, 180],
		[22, "U5", "T", 3400, -2510, 180],
		[23, "U6", "T", 2000, -3715, 0],
		[24, "PAD1", "T", 425, -435, 0],
		[25, "PAD1", "B", 425, -435, 0],
		[26, "PAD2", "T", 3495, -435, 0],
		[27, "PAD2", "B", 3495, -435, 0],
		[28, "PAD3", "T", 3495, -4645, 0],
		[29, "PAD3", "B", 3495, -4645, 0],
		[30, "PAD4", "T", 425, -4645, 0],
		[31, "PAD4", "B", 425, -4645, 0],
		[32, "PAD5", "T", 1147.874, -1130, 0],
		[33, "PAD6", "T", 1115, -1130, 0],
		[34, "PAD6", "B", 1115, -1130, 0],
		[35, "PAD7", "T", 1147.874, -1030, 0],
		[36, "PAD8", "T", 1115, -1030, 0],
		[37, "PAD8", "B", 1115, -1030, 0],
		[38, "PAD9", "T", 515, -1330, 0],
		[39, "PAD9", "B", 515, -1330, 0],
		[40, "PAD10", "T", 482.126, -1330, 0],
		[41, "PAD11", "T", 515, -1430, 0],
		[42, "PAD11", "B", 515, -1430, 0],
		[43, "PAD12", "T", 482.126, -1430, 0],
		[44, "PAD13", "T", 515, -1530, 0],
		[45, "PAD13", "B", 515, -1530, 0],
		[46, "PAD14", "T", 482.126, -1530, 0],
		[47, "PAD15", "T", 1937.7, -1535.4, 0],
		[48, "PAD16", "T", 1937.7, -1410, 0],
		[49, "PAD17", "T", 2082.7, -1535.8, 0],
		[50, "PAD18", "T", 2082.7, -1410.4, 0],
		[51, "PAD19", "T", 2222.7, -1535.8, 0],
		[52, "PAD20", "T", 2222.7, -1410.4, 0],
		[53, "PAD21", "T", 758.22, -1535, 0],
		[54, "PAD22", "T", 874.66, -1535, 0],
		[55, "PAD23", "T", 2368.22, -1520, 0],
		[56, "PAD24", "T", 2368.22, -1403.56, 0],
		[57, "PAD25", "T", 1674.995, -1675.473, 0],
		[58, "PAD26", "T", 1674.995, -1734.527, 0],
		[59, "PAD27", "T", 1694.685, -1734.527, 0],
		[60, "PAD28", "T", 1655.315, -1734.527, 0],
		[61, "PAD29", "T", 1694.685, -1675.473, 0],
		[62, "PAD30", "T", 1655.315, -1675.473, 0],
		[63, "PAD31", "T", 1365, -1647.165, 0],
		[64, "PAD32", "T", 1365, -1292.835, 0],
		[65, "PAD33", "T", 2513.22, -1520, 0],
		[66, "PAD34", "T", 2513.22, -1403.56, 0],
		[67, "PAD35", "T", 881.3045, -1287.6615, 0],
		[68, "PAD36", "T", 881.3045, -1413.0615, 0],
		[69, "PAD37", "T", 738.1, -1289.6, 0],
		[70, "PAD38", "T", 738.1, -1415, 0],
		[71, "PAD39", "T", 1885, -2603.22, 0],
		[72, "PAD40", "T", 1885, -2486.78, 0],
		[73, "PAD41", "T", 988.22, -1170, 0],
		[74, "PAD42", "T", 871.78, -1170, 0],
		[75, "PAD43", "T", 988.22, -1025, 0],
		[76, "PAD44", "T", 871.78, -1025, 0],
		[77, "PAD45", "T", 1810, -2191.18, 0],
		[78, "PAD46", "T", 1860, -2191.18, 0],
		[79, "PAD47", "T", 1910, -2191.18, 0],
		[80, "PAD48", "T", 1960, -2191.18, 0],
		[81, "PAD49", "T", 1810, -1988.82, 0],
		[82, "PAD50", "T", 1860, -1988.82, 0],
		[83, "PAD51", "T", 1910, -1988.82, 0],
		[84, "PAD52", "T", 1960, -1988.82, 0],
		[85, "PAD53", "T", 1885, -4740, 0],
		[86, "PAD53", "B", 1885, -4740, 0],
		[87, "PAD54", "T", 2085, -4740, 0],
		[88, "PAD54", "B", 2085, -4740, 0],
		[89, "PAD55", "T", 2085, -4440, 0],
		[90, "PAD55", "B", 2085, -4440, 0],
		[91, "PAD56", "T", 1885, -4440, 0],
		[92, "PAD56", "B", 1885, -4440, 0],
		[93, "PAD57", "T", 3325, -1365, 0],
		[94, "PAD57", "B", 3325, -1365, 0],
		[95, "PAD58", "T", 3125, -1365, 0],
		[96, "PAD58", "B", 3125, -1365, 0],
		[97, "PAD59", "T", 2925, -1365, 0],
		[98, "PAD59", "B", 2925, -1365, 0],
		[99, "PAD60", "T", 2725, -1365, 0],
		[100, "PAD60", "B", 2725, -1365, 0],
		[101, "PAD61", "T", 2725, -1665, 0],
		[102, "PAD61", "B", 2725, -1665, 0],
		[103, "PAD62", "T", 2925, -1665, 0],
		[104, "PAD62", "B", 2925, -1665, 0],
		[105, "PAD63", "T", 3125, -1665, 0],
		[106, "PAD63", "B", 3125, -1665, 0],
		[107, "PAD64", "T", 3325, -1665, 0],
		[108, "PAD64", "B", 3325, -1665, 0],
		[109, "PAD65", "T", 1380, -2603.22, 0],
		[110, "PAD66", "T", 1380, -2486.78, 0],
		[111, "PAD67", "T", 1305, -2186.18, 0],
		[112, "PAD68", "T", 1355, -2186.18, 0],
		[113, "PAD69", "T", 1405, -2186.18, 0],
		[114, "PAD70", "T", 1455, -2186.18, 0],
		[115, "PAD71", "T", 1305, -1983.82, 0],
		[116, "PAD72", "T", 1355, -1983.82, 0],
		[117, "PAD73", "T", 1405, -1983.82, 0],
		[118, "PAD74", "T", 1455, -1983.82, 0],
		[119, "PAD75", "T", 360, -3304.213, 0],
		[120, "PAD75", "B", 360, -3304.213, 0],
		[121, "PAD76", "T", 360, -3205.788, 0],
		[122, "PAD76", "B", 360, -3205.788, 0],
		[123, "PAD77", "T", 1550.91, -1475, 0],
		[124, "PAD78", "T", 1789.09, -1475, 0],
		[125, "PAD79", "T", 2700, -2410, 0],
		[126, "PAD79", "B", 2700, -2410, 0],
		[127, "PAD80", "T", 2700, -2310, 0],
		[128, "PAD80", "B", 2700, -2310, 0],
		[129, "PAD81", "T", 2700, -2210, 0],
		[130, "PAD81", "B", 2700, -2210, 0],
		[131, "PAD82", "T", 2700.04, -2110, 0],
		[132, "PAD82", "B", 2700.04, -2110, 0]
	]
},
"pins": {
	"fields": ["PIN_NO", "PIN_NAME", "PIN_X", "PIN_Y", "LAYER", "PIN_TYPE", "NET_NAME", "NET_TYPE", "PAD_SHAPE", "PAD_SIZEX", "PAD_SIZEY", "HOLE_SIZE", "HOLE_LEN", "PAD_ANGLE"],
	"rows": [
		[1, "C1_1", 1937.7, -1410, "T", "SMD", "GND", "GND", "R", 58.465, 68.031, 0, 0, 270],
		[2, "C1_2", 1937.7, -1535.4, "T", "SMD", "VIN", "", "R", 58.465, 68.031, 0, 0, 270],
		[3, "C2_1", 2082.7, -1410.4, "T", "SMD", "GND", "GND", "R", 58.465, 68.031, 0, 0, 270],
		[4, "C2_2", 2082.7, -1535.8, "T", "SMD", "+5V", "", "R", 58.465, 68.031, 0, 0, 270],
		[5, "C3_1", 2222.7, -1410.4, "T", "SMD", "GND", "GND", "R", 58.465, 68.031, 0, 0, 270],
		[6, "C3_2", 2222.7, -1535.8, "T", "SMD", "+5V", "", "R", 58.465, 68.031, 0, 0, 270],
		[7, "C4_1", 881.3045, -1413.0615, "T", "SMD", "GND", "GND", "R", 58.465, 68.031, 0, 0, 90],
		[8, "C4_2", 881.3045, -1287.6615, "T", "SMD", "+3.3V", "", "R", 58.465, 68.031, 0, 0, 90],
		[9, "C5_1", 738.1, -1415, "T", "SMD", "GND", "GND", "R", 58.465, 68.031, 0, 0, 90],
		[10, "C5_2", 738.1, -1289.6, "T", "SMD", "+3.3V", "", "R", 58.465, 68.031, 0, 0, 90],
		[11, "CN1_1", 1885, -4740, "T", "DIP", "SOLAR+", "", "C", 90.551, 90.551, 59.056, 59.056, 0],
		[12, "CN1_1", 1885, -4740, "B", "DIP", "SOLAR+", "", "C", 90.551, 90.551, 59.056, 59.056, 0],
		[13, "CN1_1", 1885, -4440, "T", "DIP", "SOLAR+", "", "C", 90.551, 90.551, 59.056, 59.056, 0],
		[14, "CN1_1", 1885, -4440, "B", "DIP", "SOLAR+", "", "C", 90.551, 90.551, 59.056, 59.056, 0],
		[15, "CN1_2", 2085, -4740, "T", "DIP", "GND", "GND", "C", 90.551, 90.551, 59.056, 59.056, 0],
		[16, "CN1_2", 2085, -4740, "B", "DIP", "GND", "GND", "C", 90.551, 90.551, 59.056, 59.056, 0],
		[17, "CN1_2", 2085, -4440, "T", "DIP", "GND", "GND", "C", 90.551, 90.551, 59.056, 59.056, 0],
		[18, "CN1_2", 2085, -4440, "B", "DIP", "GND", "GND", "C", 90.551, 90.551, 59.056, 59.056, 0],
		[19, "CN2_1", 3325, -1365, "T", "DIP", "+3.3V", "", "C", 90.551, 90.551, 59.056, 59.056, 180],
		[20, "CN2_1", 3325, -1365, "B", "DIP", "+3.3V", "", "C", 90.551, 90.551, 59.056, 59.056, 180],
		[21, "CN2_1", 3325, -1665, "T", "DIP", "+3.3V", "", "C", 90.551, 90.551, 59.056, 59.056, 180],
		[22, "CN2_1", 3325, -1665, "B", "DIP", "+3.3V", "", "C", 90.551, 90.551, 59.056, 59.056, 180],
		[23, "CN2_2", 3125, -1365, "T", "DIP", "GND", "GND", "C", 90.551, 90.551, 59.056, 59.056, 180],
		[24, "CN2_2", 3125, -1365, "B", "DIP", "GND", "GND", "C", 90.551, 90.551, 59.056, 59.056, 180],
		[25, "CN2_2", 3125, -1665, "T", "DIP", "GND", "GND", "C", 90.551, 90.551, 59.056, 59.056, 180],
		[26, "CN2_2", 3125, -1665, "B", "DIP", "GND", "GND", "C", 90.551, 90.551, 59.056, 59.056, 180],
		[27, "CN2_3", 2925, -1365, "T", "DIP", "SCL", "", "C", 90.551, 90.551, 59.056, 59.056, 180],
		[28, "CN2_3", 2925, -1365, "B", "DIP", "SCL", "", "C", 90.551, 90.551, 59.056, 59.056, 180],
		[29, "CN2_3", 2925, -1665, "T", "DIP", "SCL", "", "C", 90.551, 90.551, 59.056, 59.056, 180],
		[30, "CN2_3", 2925, -1665, "B", "DIP", "SCL", "", "C", 90.551, 90.551, 59.056, 59.056, 180],
		[31, "CN2_4", 2725, -1365, "T", "DIP", "SDA", "", "C", 90.551, 90.551, 59.056, 59.056, 180],
		[32, "CN2_4", 2725, -1365, "B", "DIP", "SDA", "", "C", 90.551, 90.551, 59.056, 59.056, 180],
		[33, "CN2_4", 2725, -1665, "T", "DIP", "SDA", "", "C", 90.551, 90.551, 59.056, 59.056, 180],
		[34, "CN2_4", 2725, -1665, "B", "DIP", "SDA", "", "C", 90.551, 90.551, 59.056, 59.056, 180],
		[35, "CN3_1", 360, -3304.213, "T", "DIP", "BAT+", "", "C", 66.929, 66.929, 39.37, 39.37, 90],
		[36, "CN3_1", 360, -3304.213, "B", "DIP", "BAT+", "", "C", 66.929, 66.929, 39.37, 39.37, 90],
		[37, "CN3_2", 360, -3205.788, "T", "DIP", "GND", "GND", "C", 66.929, 66.929, 39.37, 39.37, 90],
		[38, "CN3_2", 360, -3205.788, "B", "DIP", "GND", "GND", "C", 66.929, 66.929, 39.37, 39.37, 90],
		[39, "L1_1", 1550.91, -1475, "T", "SMD", "VIN", "", "R", 92.52, 137.795, 0, 0, 180],
		[40, "L1_2", 1789.09, -1475, "T", "SMD", "$1N2157", "", "R", 92.52, 137.795, 0, 0, 180],
		[41, "POWER SWITCH_1", 1365, -1647.165, "T", "SMD", "VIN", "", "R", 43.307, 59.055, 0, 0, 0],
		[42, "POWER SWITCH_2", 1365, -1292.835, "T", "SMD", "EN", "", "R", 43.307, 59.055, 0, 0, 0],
		[43, "R1_1", 874.66, -1535, "T", "SMD", "$1N2248", "", "R", 47.54, 66.969, 0, 0, 180],
		[44, "R1_2", 758.22, -1535, "T", "SMD", "+5V", "", "R", 47.54, 66.969, 0, 0, 180],
		[45, "R2_1", 2368.22, -1403.56, "T", "SMD", "GND", "GND", "R", 47.54, 66.969, 0, 0, 270],
		[46, "R2_2", 2368.22, -1520, "T", "SMD", "$1N2248", "", "R", 47.54, 66.969, 0, 0, 270],
		[47, "R3_1", 2513.22, -1403.56, "T", "SMD", "GND", "GND", "R", 47.54, 66.969, 0, 0, 270],
		[48, "R3_2", 2513.22, -1520, "T", "SMD", "EN", "", "R", 47.54, 66.969, 0, 0, 270],
		[49, "R4_1", 1885, -2486.78, "T", "SMD", "CHARGER+", "", "R", 47.54, 66.969, 0, 0, 270],
		[50, "R4_2", 1885, -2603.22, "T", "SMD", "SOLAR+", "", "R", 47.54, 66.969, 0, 0, 270],
		[51, "R5_1", 871.78, -1170, "T", "SMD", "+3.3V", "", "R", 47.54, 66.969, 0, 0, 0],
		[52, "R5_2", 988.22, -1170, "T", "SMD", "SDA", "", "R", 47.54, 66.969, 0, 0, 0],
		[53, "R6_1", 871.78, -1025, "T", "SMD", "+3.3V", "", "R", 47.54, 66.969, 0, 0, 0],
		[54, "R6_2", 988.22, -1025, "T", "SMD", "SCL", "", "R", 47.54, 66.969, 0, 0, 0],
		[55, "R7_1", 1380, -2486.78, "T", "SMD", "VIN", "", "R", 47.54, 66.969, 0, 0, 270],
		[56, "R7_2", 1380, -2603.22, "T", "SMD", "BAT+", "", "R", 47.54, 66.969, 0, 0, 270],
		[57, "U1_1", 1147.874, -1530, "T", "SMD", "NET_1", "", "R", 95.748, 60, 0, 0, 0],
		[58, "U1_1", 1115, -1530, "T", "DIP", "NET_2", "", "C", 60, 60, 31.4961, 31.4961, 0],
		[59, "U1_1", 1115, -1530, "B", "DIP", "NET_2", "", "C", 60, 60, 31.4961, 31.4961, 0],
		[60, "U1_2", 1147.874, -1430, "T", "SMD", "NET_3", "", "R", 95.748, 60, 0, 0, 0],
		[61, "U1_2", 1115, -1430, "T", "DIP", "NET_4", "", "C", 60, 60, 31.4961, 31.4961, 0],
		[62, "U1_2", 1115, -1430, "B", "DIP", "NET_4", "", "C", 60, 60, 31.4961, 31.4961, 0],
		[63, "U1_3", 1147.874, -1330, "T", "SMD", "NET_5", "", "R", 95.748, 60, 0, 0, 0],
		[64, "U1_3", 1115, -1330, "T", "DIP", "NET_6", "", "C", 60, 60, 31.4961, 31.4961, 0],
		[65, "U1_3", 1115, -1330, "B", "DIP", "NET_6", "", "C", 60, 60, 31.4961, 31.4961, 0],
		[66, "U1_4", 1147.874, -1230, "T", "SMD", "NET_7", "", "R", 95.748, 60, 0, 0, 0],
		[67, "U1_4", 1115, -1230, "T", "DIP", "NET_8", "", "C", 60, 60, 31.4961, 31.4961, 0],
		[68, "U1_4", 1115, -1230, "B", "DIP", "NET_8", "", "C", 60, 60, 31.4961, 31.4961, 0],
		[69, "U1_5", 1147.874, -1130, "T", "SMD", "SDA", "", "R", 95.748, 60, 0, 0, 0],
		[70, "U1_5", 1115, -1130, "T", "DIP", "SDA", "", "C", 60, 60, 31.4961, 31.4961, 0],
		[71, "U1_5", 1115, -1130, "B", "DIP", "SDA", "", "C", 60, 60, 31.4961, 31.4961, 0],
		[72, "U1_6", 1147.874, -1030, "T", "SMD", "SCL", "", "R", 95.748, 60, 0, 0, 0],
		[73, "U1_6", 1115, -1030, "T", "DIP", "SCL", "", "C", 60, 60, 31.4961, 31.4961, 0],
		[74, "U1_6", 1115, -1030, "B", "DIP", "SCL", "", "C", 60, 60, 31.4961, 31.4961, 0],
		[75, "U1_7", 1147.874, -930, "T", "SMD", "NET_9", "", "R", 95.748, 60, 0, 0, 0],
		[76, "U1_7", 1115, -930, "T", "DIP", "NET_10", "", "C", 60, 60, 31.4961, 31.4961, 0],
		[77, "U1_7", 1115, -930, "B", "DIP", "NET_10", "", "C", 60, 60, 31.4961, 31.4961, 0],
		[78, "U1_8", 515, -930, "T", "DIP", "NET_11", "", "C", 60, 60, 31.4961, 31.4961, 180],
		[79, "U1_8", 515, -930, "B", "DIP", "NET_11", "", "C", 60, 60, 31.4961, 31.4961, 180],
		[80, "U1_8", 482.126, -930, "T", "SMD", "NET_12", "", "R", 95.748, 60, 0, 0, 180],
		[81, "U1_9", 515, -1030, "T", "DIP", "NET_13", "", "C", 60, 60, 31.4961, 31.4961, 180],
		[82, "U1_9", 515, -1030, "B", "DIP", "NET_13", "", "C", 60, 60, 31.4961, 31.4961, 180],
		[83, "U1_9", 482.126, -1030, "T", "SMD", "NET_14", "", "R", 95.748, 60, 0, 0, 180],
		[84, "U1_10", 515, -1130, "T", "DIP", "NET_15", "", "C", 60, 60, 31.4961, 31.4961, 180],
		[85, "U1_10", 515, -1130, "B", "DIP", "NET_15", "", "C", 60, 60, 31.4961, 31.4961, 180],
		[86, "U1_10", 482.126, -1130, "T", "SMD", "NET_16", "", "R", 95.748, 60, 0, 0, 180],
		[87, "U1_11", 515, -1230, "T", "DIP", "NET_17", "", "C", 60, 60, 31.4961, 31.4961, 180],
		[88, "U1_11", 515, -1230, "B", "DIP", "NET_17", "", "C", 60, 60, 31.4961, 31.4961, 180],
		[89, "U1_11", 482.126, -1230, "T", "SMD", "NET_18", "", "R", 95.748, 60, 0, 0, 180],
		[90, "U1_12", 515, -1330, "T", "DIP", "+3.3V", "", "C", 60, 60, 31.4961, 31.4961, 180],
		[91, "U1_12", 515, -1330, "B", "DIP", "+3.3V", "", "C", 60, 60, 31.4961, 31.4961, 180],
		[92, "U1_12", 482.126, -1330, "T", "SMD", "+3.3V", "", "R", 95.748, 60, 0, 0, 180],
		[93, "U1_13", 515, -1430, "T", "DIP", "GND", "GND", "C", 60, 60, 31.4961, 31.4961, 180],
		[94, "U1_13", 515, -1430, "B", "DIP", "GND", "GND", "C", 60, 60, 31.4961, 31.4961, 180],
		[95, "U1_13", 482.126, -1430, "T", "SMD", "GND", "GND", "R", 95.748, 60, 0, 0, 180],
		[96, "U1_14", 515, -1530, "T", "DIP", "+5V", "", "C", 60, 60, 31.4961, 31.4961, 180],
		[97, "U1_14", 515, -1530, "B", "DIP", "+5V", "", "C", 60, 60, 31.4961, 31.4961, 180],
		[98, "U1_14", 482.126, -1530, "T", "SMD", "+5V", "", "R", 95.748, 60, 0, 0, 180],
		[99, "U2_1", 1655.315, -1734.527, "T", "SMD", "$1N2248", "", "R", 11.811, 23.622, 0, 0, 0],
		[100, "U2_2", 1674.995, -1734.527, "T", "SMD", "EN", "", "R", 11.811, 23.622, 0, 0, 0],
		[101, "U2_3", 1694.685, -1734.527, "T", "SMD", "VIN", "", "R", 11.811, 23.622, 0, 0, 0],
		[102, "U2_4", 1694.685, -1675.473, "T", "SMD", "GND", "GND", "R", 11.811, 23.622, 0, 0, 0],
		[103, "U2_5", 1674.995, -1675.473, "T", "SMD", "$1N2157", "", "R", 11.811, 23.622, 0, 0, 0],
		[104, "U2_6", 1655.315, -1675.473, "T", "SMD", "+5V", "", "R", 11.811, 23.622, 0, 0, 0],
		[105, "U3_1", 1960, -1988.82, "T", "SMD", "GND", "GND", "O", 23.15, 80.512, 0, 0, 180],
		[106, "U3_2", 1910, -1988.82, "T", "SMD", "GND", "GND", "O", 23.15, 80.512, 0, 0, 180],
		[107, "U3_3", 1860, -1988.82, "T", "SMD", "SDA", "", "O", 23.15, 80.512, 0, 0, 180],
		[108, "U3_4", 1810, -1988.82, "T", "SMD", "SCL", "", "O", 23.15, 80.512, 0, 0, 180],
		[109, "U3_5", 1810, -2191.18, "T", "SMD", "+3.3V", "", "O", 23.15, 80.512, 0, 0, 180],
		[110, "U3_6", 1860, -2191.18, "T", "SMD", "GND", "GND", "O", 23.15, 80.512, 0, 0, 180],
		[111, "U3_7", 1910, -2191.18, "T", "SMD", "CHARGER+", "", "O", 23.15, 80.512, 0, 0, 180],
		[112, "U3_8", 1960, -2191.18, "T", "SMD", "SOLAR+", "", "O", 23.15, 80.512, 0, 0, 180],
		[113, "U4_1", 1455, -1983.82, "T", "SMD", "GND", "GND", "O", 23.15, 80.512, 0, 0, 180],
		[114, "U4_2", 1405, -1983.82, "T", "SMD", "+3.3V", "", "O", 23.15, 80.512, 0, 0, 180],
		[115, "U4_3", 1355, -1983.82, "T", "SMD", "SDA", "", "O", 23.15, 80.512, 0, 0, 180],
		[116, "U4_4", 1305, -1983.82, "T", "SMD", "SCL", "", "O", 23.15, 80.512, 0, 0, 180],
		[117, "U4_5", 1305, -2186.18, "T", "SMD", "+3.3V", "", "O", 23.15, 80.512, 0, 0, 180],
		[118, "U4_6", 1355, -2186.18, "T", "SMD", "GND", "GND", "O", 23.15, 80.512, 0, 0, 180],
		[119, "U4_7", 1405, -2186.18, "T", "SMD", "VIN", "", "O", 23.15, 80.512, 0, 0, 180],
		[120, "U4_8", 1455, -2186.18, "T", "SMD", "BAT+", "", "O", 23.15, 80.512, 0, 0, 180],
		[121, "U5_1", 2700, -2410, "T", "DIP", "CHARGER+", "", "C", 62, 62, 35, 35, 90],
		[122, "U5_1", 2700, -2410, "B", "DIP", "CHARGER+", "", "C", 62, 62, 35, 35, 90],
		[123, "U5_2", 2700, -2310, "T", "DIP", "GND", "GND", "C", 62, 62, 35, 35, 90],
		[124, "U5_2", 2700, -2310, "B", "DIP", "GND", "GND", "C", 62, 62, 35, 35, 90],
		[125, "U5_3", 2700, -2210, "T", "DIP", "GND", "GND", "C", 62, 62, 35, 35, 90],
		[126, "U5_3", 2700, -2210, "B", "DIP", "GND", "GND", "C", 62, 62, 35, 35, 90],
		[127, "U5_4", 2700.04, -2110, "T", "DIP", "BAT+", "", "C", 62, 62, 35, 35, 90],
		[128, "U5_4", 2700.04, -2110, "B", "DIP", "BAT+", "", "C", 62, 62, 35, 35, 90],
		[129, "U5_5", 3000, -2510, "T", "DIP", "NET_19", "", "C", 62, 62, 35, 35, 180],
		[130, "U5_5", 3000, -2510, "B", "DIP", "NET_19", "", "C", 62, 62, 35, 35, 180],
		[131, "U5_6", 2900, -2510, "T", "DIP", "NET_20", "", "C", 62, 62, 35, 35, 180],
		[132, "U5_6", 2900, -2510, "B", "DIP", "NET_20", "", "C", 62, 62, 35, 35, 180],
		[133, "U5_7", 2800, -2510, "T", "DIP", "NET_21", "", "C", 62, 62, 35, 35, 180],
		[134, "U5_7", 2800, -2510, "B", "DIP", "NET_21", "", "C", 62, 62, 35, 35, 180],
		[135, "U6_2", 1221.2746, -2863.7795, "T", "DIP", "NET_22", "", "C", 157.4803, 157.4803, 125.9843, 125.9843, 0],
		[136, "U6_2", 1221.2746, -2863.7795, "B", "DIP", "NET_22", "", "C", 157.4803, 157.4803, 125.9843, 125.9843, 0],
		[137, "U6_2", 2794.3211, -2863.7795, "T", "DIP", "NET_23", "", "C", 157.4803, 157.4803, 125.9843, 125.9843, 0],
		[138, "U6_2", 2794.3211, -2863.7795, "B", "DIP", "NET_23", "", "C", 157.4803, 157.4803, 125.9843, 125.9843, 0],
		[139, "U6_2", 2794.3211, -4596.0605, "T", "DIP", "NET_24", "", "C", 157.4803, 157.4803, 125.9843, 125.9843, 0],
		[140, "U6_2", 2794.3211, -4596.0605, "B", "DIP", "NET_24", "", "C", 157.4803, 157.4803, 125.9843, 125.9843, 0],
		[141, "U6_2", 1221.2746, -4596.0605, "T", "DIP", "NET_25", "", "C", 157.4803, 157.4803, 125.9843, 125.9843, 0],
		[142, "U6_2", 1221.2746, -4596.0605, "B", "DIP", "NET_25", "", "C", 157.4803, 157.4803, 125.9843, 125.9843, 0],
		[143, "PAD1_1", 425, -435, "T", "DIP", "GND", "GND", "C", 275.5906, 275.5906, 157.4803, 157.4803, 0],
		[144, "PAD1_1", 425, -435, "B", "DIP", "GND", "GND", "C", 275.5906, 275.5906, 157.4803, 157.4803, 0],
		[145, "PAD2_1", 3495, -435, "T", "DIP", "GND", "GND", "C", 275.5906, 275.5906, 157.4803, 157.4803, 0],
		[146, "PAD2_1", 3495, -435, "B", "DIP", "GND", "GND", "C", 275.5906, 275.5906, 157.4803, 157.4803, 0],
		[147, "PAD3_1", 3495, -4645, "T", "DIP", "GND", "GND", "C", 275.5906, 275.5906, 157.4803, 157.4803, 0],
		[148, "PAD3_1", 3495, -4645, "B", "DIP", "GND", "GND", "C", 275.5906, 275.5906, 157.4803, 157.4803, 0],
		[149, "PAD4_1", 425, -4645, "T", "DIP", "GND", "GND", "C", 275.5906, 275.5906, 157.4803, 157.4803, 0],
		[150, "PAD4_1", 425, -4645, "B", "DIP", "GND", "GND", "C", 275.5906, 275.5906, 157.4803, 157.4803, 0],
		[151, "PAD5_5", 1147.874, -1130, "T", "SMD", "SDA", "", "R", 95.748, 60, 0, 0, 0],
		[152, "PAD6_5", 1115, -1130, "T", "DIP", "SDA", "", "C", 60, 60, 31.4961, 31.4961, 0],
		[153, "PAD6_5", 1115, -1130, "B", "DIP", "SDA", "", "C", 60, 60, 31.4961, 31.4961, 0],
		[154, "PAD7_6", 1147.874, -1030, "T", "SMD", "SCL", "", "R", 95.748, 60, 0, 0, 0],
		[155, "PAD8_6", 1115, -1030, "T", "DIP", "SCL", "", "C", 60, 60, 31.4961, 31.4961, 0],
		[156, "PAD8_6", 1115, -1030, "B", "DIP", "SCL", "", "C", 60, 60, 31.4961, 31.4961, 0],
		[157, "PAD9_12", 515, -1330, "T", "DIP", "+3.3V", "", "C", 60, 60, 31.4961, 31.4961, 180],
		[158, "PAD9_12", 515, -1330, "B", "DIP", "+3.3V", "", "C", 60, 60, 31.4961, 31.4961, 180],
		[159, "PAD10_12", 482.126, -1330, "T", "SMD", "+3.3V", "", "R", 95.748, 60, 0, 0, 180],
		[160, "PAD11_13", 515, -1430, "T", "DIP", "GND", "GND", "C", 60, 60, 31.4961, 31.4961, 180],
		[161, "PAD11_13", 515, -1430, "B", "DIP", "GND", "GND", "C", 60, 60, 31.4961, 31.4961, 180],
		[162, "PAD12_13", 482.126, -1430, "T", "SMD", "GND", "GND", "R", 95.748, 60, 0, 0, 180],
		[163, "PAD13_14", 515, -1530, "T", "DIP", "+5V", "", "C", 60, 60, 31.4961, 31.4961, 180],
		[164, "PAD13_14", 515, -1530, "B", "DIP", "+5V", "", "C", 60, 60, 31.4961, 31.4961, 180],
		[165, "PAD14_14", 482.126, -1530, "T", "SMD", "+5V", "", "R", 95.748, 60, 0, 0, 180],
		[166, "PAD15_2", 1937.7, -1535.4, "T", "SMD", "VIN", "", "R", 58.465, 68.031, 0, 0, 270],
		[167, "PAD16_1", 1937.7, -1410, "T", "SMD", "GND", "GND", "R", 58.465, 68.031, 0, 0, 270],
		[168, "PAD17_2", 2082.7, -1535.8, "T", "SMD", "+5V", "", "R", 58.465, 68.031, 0, 0, 270],
		[169, "PAD18_1", 2082.7, -1410.4, "T", "SMD", "GND", "GND", "R", 58.465, 68.031, 0, 0, 270],
		[170, "PAD19_2", 2222.7, -1535.8, "T", "SMD", "+5V", "", "R", 58.465, 68.031, 0, 0, 270],
		[171, "PAD20_1", 2222.7, -1410.4, "T", "SMD", "GND", "GND", "R", 58.465, 68.031, 0, 0, 270],
		[172, "PAD21_2", 758.22, -1535, "T", "SMD", "+5V", "", "R", 47.54, 66.969, 0, 0, 180],
		[173, "PAD22_1", 874.66, -1535, "T", "SMD", "$1N2248", "", "R", 47.54, 66.969, 0, 0, 180],
		[174, "PAD23_2", 2368.22, -1520, "T", "SMD", "$1N2248", "", "R", 47.54, 66.969, 0, 0, 270],
		[175, "PAD24_1", 2368.22, -1403.56, "T", "SMD", "GND", "GND", "R", 47.54, 66.969, 0, 0, 270],
		[176, "PAD25_5", 1674.995, -1675.473, "T", "SMD", "$1N2157", "", "R", 11.811, 23.622, 0, 0, 0],
		[177, "PAD26_2", 1674.995, -1734.527, "T", "SMD", "EN", "", "R", 11.811, 23.622, 0, 0, 0],
		[178, "PAD27_3", 1694.685, -1734.527, "T", "SMD", "VIN", "", "R", 11.811, 23.622, 0, 0, 0],
		[179, "PAD28_1", 1655.315, -1734.527, "T", "SMD", "$1N2248", "", "R", 11.811, 23.622, 0, 0, 0],
		[180, "PAD29_4", 1694.685, -1675.473, "T", "SMD", "GND", "GND", "R", 11.811, 23.622, 0, 0, 0],
		[181, "PAD30_6", 1655.315, -1675.473, "T", "SMD", "+5V", "", "R", 11.811, 23.622, 0, 0, 0],
		[182, "PAD31_1", 1365, -1647.165, "T", "SMD", "VIN", "", "R", 43.307, 59.055, 0, 0, 0],
		[183, "PAD32_2", 1365, -1292.835, "T", "SMD", "EN", "", "R", 43.307, 59.055, 0, 0, 0],
		[184, "PAD33_2", 2513.22, -1520, "T", "SMD", "EN", "", "R", 47.54, 66.969, 0, 0, 270],
		[185, "PAD34_1", 2513.22, -1403.56, "T", "SMD", "GND", "GND", "R", 47.54, 66.969, 0, 0, 270],
		[186, "PAD35_2", 881.3045, -1287.6615, "T", "SMD", "+3.3V", "", "R", 58.465, 68.031, 0, 0, 90],
		[187, "PAD36_1", 881.3045, -1413.0615, "T", "SMD", "GND", "GND", "R", 58.465, 68.031, 0, 0, 90],
		[188, "PAD37_2", 738.1, -1289.6, "T", "SMD", "+3.3V", "", "R", 58.465, 68.031, 0, 0, 90],
		[189, "PAD38_1", 738.1, -1415, "T", "SMD", "GND", "GND", "R", 58.465, 68.031, 0, 0, 90],
		[190, "PAD39_2", 1885, -2603.22, "T", "SMD", "SOLAR+", "", "R", 47.54, 66.969, 0, 0, 270],
		[191, "PAD40_1", 1885, -2486.78, "T", "SMD", "CHARGER+", "", "R", 47.54, 66.969, 0, 0, 270],
		[192, "PAD41_2", 988.22, -1170, "T", "SMD", "SDA", "", "R", 47.54, 66.969, 0, 0, 0],
		[193, "PAD42_1", 871.78, -1170, "T", "SMD", "+3.3V", "", "R", 47.54, 66.969, 0, 0, 0],
		[194, "PAD43_2", 988.22, -1025, "T", "SMD", "SCL", "", "R", 47.54, 66.969, 0, 0, 0],
		[195, "PAD44_1", 871.78, -1025, "T", "SMD", "+3.3V", "", "R", 47.54, 66.969, 0, 0, 0],
		[196, "PAD45_5", 1810, -2191.18, "T", "SMD", "+3.3V", "", "O", 23.15, 80.512, 0, 0, 180],
		[197, "PAD46_6", 1860, -2191.18, "T", "SMD", "GND", "GND", "O", 23.15, 80.512, 0, 0, 180],
		[198, "PAD47_7", 1910, -2191.18, "T", "SMD", "CHARGER+", "", "O", 23.15, 80.512, 0, 0, 180],
		[199, "PAD48_8", 1960, -2191.18, "T", "SMD", "SOLAR+", "", "O", 23.15, 80.512, 0, 0, 180],
		[200, "PAD49_4", 1810, -1988.82, "T", "SMD", "SCL", "", "O", 23.15, 80.512, 0, 0, 180],
		[201, "PAD50_3", 1860, -1988.82, "T", "SMD", "SDA", "", "O", 23.15, 80.512, 0, 0, 180],
		[202, "PAD51_2", 1910, -1988.82, "T", "SMD", "GND", "GND", "O", 23.15, 80.512, 0, 0, 180],
		[203, "PAD52_1", 1960, -1988.82, "T", "SMD", "GND", "GND", "O", 23.15, 80.512, 0, 0, 180],
		[204, "PAD53_1", 1885, -4740, "T", "DIP", "SOLAR+", "", "C", 90.551, 90.551, 59.056, 59.056, 0],
		[205, "PAD53_1", 1885, -4740, "B", "DIP", "SOLAR+", "", "C", 90.551, 90.551, 59.056, 59.056, 0],
		[206, "PAD54_2", 2085, -4740, "T", "DIP", "GND", "GND", "C", 90.551, 90.551, 59.056, 59.056, 0],
		[207, "PAD54_2", 2085, -4740, "B", "DIP", "GND", "GND", "C", 90.551, 90.551, 59.056, 59.056, 0],
		[208, "PAD55_2", 2085, -4440, "T", "DIP", "GND", "GND", "C", 90.551, 90.551, 59.056, 59.056, 0],
		[209, "PAD55_2", 2085, -4440, "B", "DIP", "GND", "GND", "C", 90.551, 90.551, 59.056, 59.056, 0],
		[210, "PAD56_1", 1885, -4440, "T", "DIP", "SOLAR+", "", "C", 90.551, 90.551, 59.056, 59.056, 0],
		[211, "PAD56_1", 1885, -4440, "B", "DIP", "SOLAR+", "", "C", 90.551, 90.551, 59.056, 59.056, 0],
		[212, "PAD57_1", 3325, -1365, "T", "DIP", "+3.3V", "", "C", 90.551, 90.551, 59.056, 59.056, 180],
		[213, "PAD57_1", 3325, -1365, "B", "DIP", "+3.3V", "", "C", 90.551, 90.551, 59.056, 59.056, 180],
		[214, "PAD58_2", 3125, -1365, "T", "DIP", "GND", "GND", "C", 90.551, 90.551, 59.056, 59.056, 180],
		[215, "PAD58_2", 3125, -1365, "B", "DIP", "GND", "GND", "C", 90.551, 90.551, 59.056, 59.056, 180],
		[216, "PAD59_3", 2925, -1365, "T", "DIP", "SCL", "", "C", 90.551, 90.551, 59.056, 59.056, 180],
		[217, "PAD59_3", 2925, -1365, "B", "DIP", "SCL", "", "C", 90.551, 90.551, 59.056, 59.056, 180],
		[218, "PAD60_4", 2725, -1365, "T", "DIP", "SDA", "", "C", 90.551, 90.551, 59.056, 59.056, 180],
		[219, "PAD60_4", 2725, -1365, "B", "DIP", "SDA", "", "C", 90.551, 90.551, 59.056, 59.056, 180],
		[220, "PAD61_4", 2725, -1665, "T", "DIP", "SDA", "", "C", 90.551, 90.551, 59.056, 59.056, 180],
		[221, "PAD61_4", 2725, -1665, "B", "DIP", "SDA", "", "C", 90.551, 90.551, 59.056, 59.056, 180],
		[222, "PAD62_3", 2925, -1665, "T", "DIP", "SCL", "", "C", 90.551, 90.551, 59.056, 59.056, 180],
		[223, "PAD62_3", 2925, -1665, "B", "DIP", "SCL", "", "C", 90.551, 90.551, 59.056, 59.056, 180],
		[224, "PAD63_2", 3125, -1665, "T", "DIP", "GND", "GND", "C", 90.551, 90.551, 59.056, 59.056, 180],
		[225, "PAD63_2", 3125, -1665, "B", "DIP", "GND", "GND", "C", 90.551, 90.551, 59.056, 59.056, 180],
		[226, "PAD64_1", 3325, -1665, "T", "DIP", "+3.3V", "", "C", 90.551, 90.551, 59.056, 59.056, 180],
		[227, "PAD64_1", 3325, -1665, "B", "DIP", "+3.3V", "", "C", 90.551, 90.551, 59.056, 59.056, 180],
		[228, "PAD65_2", 1380, -2603.22, "T", "SMD", "BAT+", "", "R", 47.54, 66.969, 0, 0, 270],
		[229, "PAD66_1", 1380, -2486.78, "T", "SMD", "VIN", "", "R", 47.54, 66.969, 0, 0, 270],
		[230, "PAD67_5", 1305, -2186.18, "T", "SMD", "+3.3V", "", "O", 23.15, 80.512, 0, 0, 180],
		[231, "PAD68_6", 1355, -2186.18, "T", "SMD", "GND", "GND", "O", 23.15, 80.512, 0, 0, 180],
		[232, "PAD69_7", 1405, -2186.18, "T", "SMD", "VIN", "", "O", 23.15, 80.512, 0, 0, 180],
		[233, "PAD70_8", 1455, -2186.18, "T", "SMD", "BAT+", "", "O", 23.15, 80.512, 0, 0, 180],
		[234, "PAD71_4", 1305, -1983.82, "T", "SMD", "SCL", "", "O", 23.15, 80.512, 0, 0, 180],
		[235, "PAD72_3", 1355, -1983.82, "T", "SMD", "SDA", "", "O", 23.15, 80.512, 0, 0, 180],
		[236, "PAD73_2", 1405, -1983.82, "T", "SMD", "+3.3V", "", "O", 23.15, 80.512, 0, 0, 180],
		[237, "PAD74_1", 1455, -1983.82, "T", "SMD", "GND", "GND", "O", 23.15, 80.512, 0, 0, 180],
		[238, "PAD75_1", 360, -3304.213, "T", "DIP", "BAT+", "", "C", 66.929, 66.929, 39.37, 39.37, 90],
		[239, "PAD75_1", 360, -3304.213, "B", "DIP", "BAT+", "", "C", 66.929, 66.929, 39.37, 39.37, 90],
		[240, "PAD76_2", 360, -3205.788, "T", "DIP", "GND", "GND", "C", 66.929, 66.929, 39.37, 39.37, 90],
		[241, "PAD76_2", 360, -3205.788, "B", "DIP", "GND", "GND", "C", 66.929, 66.929, 39.37, 39.37, 90],
		[242, "PAD77_1", 1550.91, -1475, "T", "SMD", "VIN", "", "R", 92.52, 137.795, 0, 0, 180],
		[243, "PAD78_2", 1789.09, -1475, "T", "SMD", "$1N2157", "", "R", 92.52, 137.795, 0, 0, 180],
		[244, "PAD79_1", 2700, -2410, "T", "DIP", "CHARGER+", "", "C", 62, 62, 35, 35, 90],
		[245, "PAD79_1", 2700, -2410, "B", "DIP", "CHARGER+", "", "C", 62, 62, 35, 35, 90],
		[246, "PAD80_2", 2700, -2310, "T", "DIP", "GND", "GND", "C", 62, 62, 35, 35, 90],
		[247, "PAD80_2", 2700, -2310, "B", "DIP", "GND", "GND", "C", 62, 62, 35, 35, 90],
		[248, "PAD81_3", 2700, -2210, "T", "DIP", "GND", "GND", "C", 62, 62, 35, 35, 90],
		[249, "PAD81_3", 2700, -2210, "B", "DIP", "GND", "GND", "C", 62, 62, 35, 35, 90],
		[250, "PAD82_4", 2700.04, -2110, "T", "DIP", "BAT+", "", "C", 62, 62, 35, 35, 90],
		[251, "PAD82_4", 2700.04, -2110, "B", "DIP", "BAT+", "", "C", 62, 62, 35, 35, 90]
	]
}
}